customer_id,survey_year,customer_segment,in_out_state,responded
SYN000001,FY25,Silent Customers,In-State,0
SYN000002,FY25,Silent Customers,In-State,1
SYN000003,FY25,Silent Customers,In-State,0
SYN000004,FY25,Silent Customers,In-State,0
SYN000005,FY25,Silent Customers,In-State,0
SYN000006,FY25,Silent Customers,In-State,0
SYN000007,FY25,Silent Customers,In-State,0
SYN000008,FY25,Silent Customers,In-State,1
SYN000009,FY25,Silent Customers,In-State,0
SYN000010,FY25,Silent Customers,In-State,0
SYN000011,FY25,Silent Customers,In-State,0
SYN000012,FY25,Silent Customers,In-State,1
SYN000013,FY25,Silent Customers,In-State,1
SYN000014,FY25,Silent Customers,In-State,0
SYN000015,FY25,Silent Customers,In-State,0
SYN000016,FY25,Silent Customers,In-State,0
SYN000017,FY25,Silent Customers,In-State,0
SYN000018,FY25,Silent Customers,In-State,0
SYN000019,FY25,Silent Customers,In-State,0
SYN000020,FY25,Silent Customers,In-State,0
SYN000021,FY25,Silent Customers,In-State,0
SYN000022,FY25,Silent Customers,In-State,0
SYN000023,FY25,Silent Customers,In-State,0
SYN000024,FY25,Silent Customers,In-State,0
SYN000025,FY25,Silent Customers,In-State,0
SYN000026,FY25,Silent Customers,In-State,1
SYN000027,FY25,Silent Customers,In-State,0
SYN000028,FY25,Silent Customers,In-State,0
SYN000029,FY25,Silent Customers,In-State,0
SYN000030,FY25,Silent Customers,In-State,0
SYN000031,FY25,Silent Customers,In-State,0
SYN000032,FY25,Silent Customers,In-State,0
SYN000033,FY25,Silent Customers,In-State,0
SYN000034,FY25,Silent Customers,In-State,1
SYN000035,FY25,Silent Customers,In-State,1
SYN000036,FY25,Silent Customers,In-State,1
SYN000037,FY25,Silent Customers,In-State,0
SYN000038,FY25,Silent Customers,In-State,0
SYN000039,FY25,Silent Customers,In-State,0
SYN000040,FY25,Silent Customers,In-State,0
SYN000041,FY25,Silent Customers,In-State,0
SYN000042,FY25,Silent Customers,In-State,0
SYN000043,FY25,Silent Customers,In-State,0
SYN000044,FY25,Silent Customers,In-State,1
SYN000045,FY25,Silent Customers,In-State,0
SYN000046,FY25,Silent Customers,In-State,0
SYN000047,FY25,Silent Customers,In-State,0
SYN000048,FY25,Silent Customers,In-State,0
SYN000049,FY25,Silent Customers,In-State,0
SYN000050,FY25,Silent Customers,In-State,0
SYN000051,FY25,Silent Customers,In-State,1
SYN000052,FY25,Silent Customers,In-State,1
SYN000053,FY25,Silent Customers,In-State,1
SYN000054,FY25,Silent Customers,In-State,1
SYN000055,FY25,Silent Customers,In-State,0
SYN000056,FY25,Silent Customers,In-State,1
SYN000057,FY25,Silent Customers,In-State,0
SYN000058,FY25,Silent Customers,In-State,0
SYN000059,FY25,Silent Customers,In-State,0
SYN000060,FY25,Silent Customers,In-State,0
SYN000061,FY25,Silent Customers,In-State,0
SYN000062,FY25,Silent Customers,In-State,0
SYN000063,FY25,Silent Customers,In-State,1
SYN000064,FY25,Silent Customers,In-State,0
SYN000065,FY25,Silent Customers,In-State,0
SYN000066,FY25,Silent Customers,In-State,0
SYN000067,FY25,Silent Customers,In-State,0
SYN000068,FY25,Silent Customers,In-State,1
SYN000069,FY25,Silent Customers,In-State,0
SYN000070,FY25,Silent Customers,In-State,1
SYN000071,FY25,Silent Customers,In-State,1
SYN000072,FY25,Silent Customers,In-State,0
SYN000073,FY25,Silent Customers,In-State,0
SYN000074,FY25,Silent Customers,In-State,1
SYN000075,FY25,Silent Customers,In-State,0
SYN000076,FY25,Silent Customers,In-State,0
SYN000077,FY25,Silent Customers,In-State,1
SYN000078,FY25,Silent Customers,In-State,0
SYN000079,FY25,Silent Customers,In-State,0
SYN000080,FY25,Silent Customers,In-State,0
SYN000081,FY25,Silent Customers,In-State,1
SYN000082,FY25,Silent Customers,In-State,0
SYN000083,FY25,Silent Customers,In-State,0
SYN000084,FY25,Silent Customers,In-State,0
SYN000085,FY25,Silent Customers,In-State,0
SYN000086,FY25,Silent Customers,In-State,0
SYN000087,FY25,Silent Customers,In-State,0
SYN000088,FY25,Silent Customers,In-State,0
SYN000089,FY25,Silent Customers,In-State,1
SYN000090,FY25,Silent Customers,In-State,0
SYN000091,FY25,Silent Customers,In-State,0
SYN000092,FY25,Silent Customers,In-State,0
SYN000093,FY25,Silent Customers,In-State,1
SYN000094,FY25,Silent Customers,In-State,0
SYN000095,FY25,Silent Customers,In-State,1
SYN000096,FY25,Silent Customers,In-State,0
SYN000097,FY25,Silent Customers,In-State,0
SYN000098,FY25,Silent Customers,In-State,0
SYN000099,FY25,Silent Customers,In-State,0
SYN000100,FY25,Silent Customers,In-State,0
SYN000101,FY25,Silent Customers,In-State,0
SYN000102,FY25,Silent Customers,In-State,0
SYN000103,FY25,Silent Customers,In-State,0
SYN000104,FY25,Silent Customers,In-State,0
SYN000105,FY25,Silent Customers,In-State,1
SYN000106,FY25,Silent Customers,In-State,0
SYN000107,FY25,Silent Customers,In-State,0
SYN000108,FY25,Silent Customers,In-State,1
SYN000109,FY25,Silent Customers,In-State,0
SYN000110,FY25,Silent Customers,In-State,0
SYN000111,FY25,Silent Customers,In-State,0
SYN000112,FY25,Silent Customers,In-State,0
SYN000113,FY25,Silent Customers,In-State,1
SYN000114,FY25,Silent Customers,In-State,1
SYN000115,FY25,Silent Customers,In-State,0
SYN000116,FY25,Silent Customers,In-State,1
SYN000117,FY25,Silent Customers,In-State,1
SYN000118,FY25,Silent Customers,In-State,0
SYN000119,FY25,Silent Customers,In-State,1
SYN000120,FY25,Silent Customers,In-State,0
SYN000121,FY25,Silent Customers,Out-of-State,1
SYN000122,FY25,Silent Customers,Out-of-State,1
SYN000123,FY25,Silent Customers,Out-of-State,0
SYN000124,FY25,Silent Customers,Out-of-State,0
SYN000125,FY25,Silent Customers,Out-of-State,0
SYN000126,FY25,Silent Customers,Out-of-State,0
SYN000127,FY25,Silent Customers,Out-of-State,1
SYN000128,FY25,Silent Customers,Out-of-State,1
SYN000129,FY25,Silent Customers,Out-of-State,0
SYN000130,FY25,Silent Customers,Out-of-State,0
SYN000131,FY25,Silent Customers,Out-of-State,0
SYN000132,FY25,Silent Customers,Out-of-State,0
SYN000133,FY25,Silent Customers,Out-of-State,0
SYN000134,FY25,Silent Customers,Out-of-State,0
SYN000135,FY25,Silent Customers,Out-of-State,1
SYN000136,FY25,Silent Customers,Out-of-State,0
SYN000137,FY25,Silent Customers,Out-of-State,0
SYN000138,FY25,Silent Customers,Out-of-State,1
SYN000139,FY25,Silent Customers,Out-of-State,0
SYN000140,FY25,Silent Customers,Out-of-State,1
SYN000141,FY25,Silent Customers,Out-of-State,1
SYN000142,FY25,Silent Customers,Out-of-State,0
SYN000143,FY25,Silent Customers,Out-of-State,0
SYN000144,FY25,Silent Customers,Out-of-State,0
SYN000145,FY25,Silent Customers,Out-of-State,0
SYN000146,FY25,Silent Customers,Out-of-State,0
SYN000147,FY25,Silent Customers,Out-of-State,1
SYN000148,FY25,Silent Customers,Out-of-State,0
SYN000149,FY25,Silent Customers,Out-of-State,0
SYN000150,FY25,Silent Customers,Out-of-State,0
SYN000151,FY25,Prior Responders,In-State,0
SYN000152,FY25,Prior Responders,In-State,1
SYN000153,FY25,Prior Responders,In-State,1
SYN000154,FY25,Prior Responders,In-State,1
SYN000155,FY25,Prior Responders,In-State,0
SYN000156,FY25,Prior Responders,In-State,1
SYN000157,FY25,Prior Responders,In-State,0
SYN000158,FY25,Prior Responders,In-State,0
SYN000159,FY25,Prior Responders,In-State,1
SYN000160,FY25,Prior Responders,In-State,0
SYN000161,FY25,Prior Responders,In-State,1
SYN000162,FY25,Prior Responders,In-State,1
SYN000163,FY25,Prior Responders,In-State,1
SYN000164,FY25,Prior Responders,In-State,1
SYN000165,FY25,Prior Responders,In-State,1
SYN000166,FY25,Prior Responders,In-State,0
SYN000167,FY25,Prior Responders,In-State,1
SYN000168,FY25,Prior Responders,In-State,1
SYN000169,FY25,Prior Responders,In-State,1
SYN000170,FY25,Prior Responders,In-State,1
SYN000171,FY25,Prior Responders,In-State,0
SYN000172,FY25,Prior Responders,In-State,1
SYN000173,FY25,Prior Responders,In-State,1
SYN000174,FY25,Prior Responders,In-State,1
SYN000175,FY25,Prior Responders,In-State,1
SYN000176,FY25,Prior Responders,In-State,1
SYN000177,FY25,Prior Responders,In-State,0
SYN000178,FY25,Prior Responders,In-State,1
SYN000179,FY25,Prior Responders,In-State,0
SYN000180,FY25,Prior Responders,In-State,1
SYN000181,FY25,Prior Responders,In-State,1
SYN000182,FY25,Prior Responders,In-State,1
SYN000183,FY25,Prior Responders,In-State,0
SYN000184,FY25,Prior Responders,In-State,0
SYN000185,FY25,Prior Responders,In-State,1
SYN000186,FY25,Prior Responders,In-State,1
SYN000187,FY25,Prior Responders,In-State,0
SYN000188,FY25,Prior Responders,In-State,1
SYN000189,FY25,Prior Responders,In-State,1
SYN000190,FY25,Prior Responders,In-State,1
SYN000191,FY25,Prior Responders,In-State,1
SYN000192,FY25,Prior Responders,In-State,0
SYN000193,FY25,Prior Responders,In-State,0
SYN000194,FY25,Prior Responders,In-State,1
SYN000195,FY25,Prior Responders,In-State,1
SYN000196,FY25,Prior Responders,In-State,1
SYN000197,FY25,Prior Responders,In-State,0
SYN000198,FY25,Prior Responders,In-State,0
SYN000199,FY25,Prior Responders,In-State,0
SYN000200,FY25,Prior Responders,In-State,0
SYN000201,FY25,Prior Responders,In-State,1
SYN000202,FY25,Prior Responders,In-State,1
SYN000203,FY25,Prior Responders,In-State,1
SYN000204,FY25,Prior Responders,In-State,0
SYN000205,FY25,Prior Responders,In-State,1
SYN000206,FY25,Prior Responders,In-State,1
SYN000207,FY25,Prior Responders,In-State,1
SYN000208,FY25,Prior Responders,In-State,0
SYN000209,FY25,Prior Responders,In-State,1
SYN000210,FY25,Prior Responders,In-State,1
SYN000211,FY25,Prior Responders,In-State,1
SYN000212,FY25,Prior Responders,In-State,0
SYN000213,FY25,Prior Responders,In-State,1
SYN000214,FY25,Prior Responders,In-State,1
SYN000215,FY25,Prior Responders,In-State,0
SYN000216,FY25,Prior Responders,In-State,1
SYN000217,FY25,Prior Responders,In-State,1
SYN000218,FY25,Prior Responders,In-State,0
SYN000219,FY25,Prior Responders,In-State,1
SYN000220,FY25,Prior Responders,In-State,0
SYN000221,FY25,Prior Responders,In-State,1
SYN000222,FY25,Prior Responders,In-State,1
SYN000223,FY25,Prior Responders,In-State,1
SYN000224,FY25,Prior Responders,In-State,1
SYN000225,FY25,Prior Responders,In-State,1
SYN000226,FY25,Prior Responders,In-State,1
SYN000227,FY25,Prior Responders,In-State,0
SYN000228,FY25,Prior Responders,In-State,1
SYN000229,FY25,Prior Responders,In-State,0
SYN000230,FY25,Prior Responders,In-State,1
SYN000231,FY25,Prior Responders,In-State,0
SYN000232,FY25,Prior Responders,In-State,1
SYN000233,FY25,Prior Responders,In-State,1
SYN000234,FY25,Prior Responders,In-State,1
SYN000235,FY25,Prior Responders,In-State,1
SYN000236,FY25,Prior Responders,In-State,0
SYN000237,FY25,Prior Responders,In-State,1
SYN000238,FY25,Prior Responders,In-State,1
SYN000239,FY25,Prior Responders,In-State,1
SYN000240,FY25,Prior Responders,In-State,1
SYN000241,FY25,Prior Responders,In-State,0
SYN000242,FY25,Prior Responders,In-State,0
SYN000243,FY25,Prior Responders,In-State,0
SYN000244,FY25,Prior Responders,In-State,1
SYN000245,FY25,Prior Responders,In-State,1
SYN000246,FY25,Prior Responders,In-State,0
SYN000247,FY25,Prior Responders,In-State,1
SYN000248,FY25,Prior Responders,In-State,0
SYN000249,FY25,Prior Responders,In-State,0
SYN000250,FY25,Prior Responders,In-State,0
SYN000251,FY25,Prior Responders,In-State,1
SYN000252,FY25,Prior Responders,In-State,1
SYN000253,FY25,Prior Responders,In-State,0
SYN000254,FY25,Prior Responders,In-State,1
SYN000255,FY25,Prior Responders,In-State,1
SYN000256,FY25,Prior Responders,In-State,1
SYN000257,FY25,Prior Responders,In-State,0
SYN000258,FY25,Prior Responders,In-State,0
SYN000259,FY25,Prior Responders,In-State,1
SYN000260,FY25,Prior Responders,In-State,1
SYN000261,FY25,Prior Responders,In-State,1
SYN000262,FY25,Prior Responders,In-State,0
SYN000263,FY25,Prior Responders,In-State,1
SYN000264,FY25,Prior Responders,In-State,1
SYN000265,FY25,Prior Responders,In-State,0
SYN000266,FY25,Prior Responders,In-State,0
SYN000267,FY25,Prior Responders,In-State,0
SYN000268,FY25,Prior Responders,In-State,0
SYN000269,FY25,Prior Responders,In-State,1
SYN000270,FY25,Prior Responders,In-State,1
SYN000271,FY25,Prior Responders,In-State,0
SYN000272,FY25,Prior Responders,In-State,0
SYN000273,FY25,Prior Responders,In-State,0
SYN000274,FY25,Prior Responders,In-State,0
SYN000275,FY25,Prior Responders,In-State,1
SYN000276,FY25,Prior Responders,In-State,1
SYN000277,FY25,Prior Responders,In-State,0
SYN000278,FY25,Prior Responders,In-State,1
SYN000279,FY25,Prior Responders,In-State,0
SYN000280,FY25,Prior Responders,In-State,0
SYN000281,FY25,Prior Responders,In-State,0
SYN000282,FY25,Prior Responders,In-State,1
SYN000283,FY25,Prior Responders,In-State,1
SYN000284,FY25,Prior Responders,In-State,1
SYN000285,FY25,Prior Responders,In-State,1
SYN000286,FY25,Prior Responders,In-State,1
SYN000287,FY25,Prior Responders,In-State,1
SYN000288,FY25,Prior Responders,In-State,1
SYN000289,FY25,Prior Responders,In-State,1
SYN000290,FY25,Prior Responders,In-State,1
SYN000291,FY25,Prior Responders,In-State,1
SYN000292,FY25,Prior Responders,In-State,1
SYN000293,FY25,Prior Responders,In-State,0
SYN000294,FY25,Prior Responders,In-State,1
SYN000295,FY25,Prior Responders,In-State,1
SYN000296,FY25,Prior Responders,In-State,1
SYN000297,FY25,Prior Responders,In-State,0
SYN000298,FY25,Prior Responders,In-State,1
SYN000299,FY25,Prior Responders,In-State,1
SYN000300,FY25,Prior Responders,In-State,1
SYN000301,FY25,Prior Responders,In-State,1
SYN000302,FY25,Prior Responders,In-State,1
SYN000303,FY25,Prior Responders,In-State,1
SYN000304,FY25,Prior Responders,In-State,1
SYN000305,FY25,Prior Responders,In-State,0
SYN000306,FY25,Prior Responders,In-State,0
SYN000307,FY25,Prior Responders,In-State,1
SYN000308,FY25,Prior Responders,In-State,1
SYN000309,FY25,Prior Responders,In-State,0
SYN000310,FY25,Prior Responders,In-State,1
SYN000311,FY25,Prior Responders,In-State,1
SYN000312,FY25,Prior Responders,In-State,1
SYN000313,FY25,Prior Responders,In-State,1
SYN000314,FY25,Prior Responders,In-State,0
SYN000315,FY25,Prior Responders,In-State,0
SYN000316,FY25,Prior Responders,In-State,0
SYN000317,FY25,Prior Responders,In-State,1
SYN000318,FY25,Prior Responders,In-State,1
SYN000319,FY25,Prior Responders,In-State,1
SYN000320,FY25,Prior Responders,In-State,1
SYN000321,FY25,Prior Responders,In-State,1
SYN000322,FY25,Prior Responders,In-State,0
SYN000323,FY25,Prior Responders,In-State,0
SYN000324,FY25,Prior Responders,In-State,1
SYN000325,FY25,Prior Responders,In-State,0
SYN000326,FY25,Prior Responders,In-State,0
SYN000327,FY25,Prior Responders,In-State,1
SYN000328,FY25,Prior Responders,In-State,1
SYN000329,FY25,Prior Responders,In-State,1
SYN000330,FY25,Prior Responders,In-State,1
SYN000331,FY25,Prior Responders,In-State,1
SYN000332,FY25,Prior Responders,In-State,0
SYN000333,FY25,Prior Responders,In-State,1
SYN000334,FY25,Prior Responders,In-State,1
SYN000335,FY25,Prior Responders,In-State,1
SYN000336,FY25,Prior Responders,In-State,1
SYN000337,FY25,Prior Responders,In-State,0
SYN000338,FY25,Prior Responders,In-State,0
SYN000339,FY25,Prior Responders,In-State,1
SYN000340,FY25,Prior Responders,In-State,1
SYN000341,FY25,Prior Responders,In-State,1
SYN000342,FY25,Prior Responders,In-State,1
SYN000343,FY25,Prior Responders,In-State,1
SYN000344,FY25,Prior Responders,In-State,1
SYN000345,FY25,Prior Responders,In-State,1
SYN000346,FY25,Prior Responders,In-State,1
SYN000347,FY25,Prior Responders,In-State,1
SYN000348,FY25,Prior Responders,In-State,1
SYN000349,FY25,Prior Responders,In-State,1
SYN000350,FY25,Prior Responders,In-State,1
SYN000351,FY25,Prior Responders,In-State,1
SYN000352,FY25,Prior Responders,In-State,0
SYN000353,FY25,Prior Responders,In-State,1
SYN000354,FY25,Prior Responders,In-State,1
SYN000355,FY25,Prior Responders,In-State,1
SYN000356,FY25,Prior Responders,In-State,1
SYN000357,FY25,Prior Responders,In-State,1
SYN000358,FY25,Prior Responders,In-State,1
SYN000359,FY25,Prior Responders,In-State,0
SYN000360,FY25,Prior Responders,In-State,1
SYN000361,FY25,Prior Responders,Out-of-State,1
SYN000362,FY25,Prior Responders,Out-of-State,1
SYN000363,FY25,Prior Responders,Out-of-State,1
SYN000364,FY25,Prior Responders,Out-of-State,1
SYN000365,FY25,Prior Responders,Out-of-State,0
SYN000366,FY25,Prior Responders,Out-of-State,1
SYN000367,FY25,Prior Responders,Out-of-State,0
SYN000368,FY25,Prior Responders,Out-of-State,0
SYN000369,FY25,Prior Responders,Out-of-State,1
SYN000370,FY25,Prior Responders,Out-of-State,1
SYN000371,FY25,Prior Responders,Out-of-State,1
SYN000372,FY25,Prior Responders,Out-of-State,1
SYN000373,FY25,Prior Responders,Out-of-State,1
SYN000374,FY25,Prior Responders,Out-of-State,1
SYN000375,FY25,Prior Responders,Out-of-State,1
SYN000376,FY25,Prior Responders,Out-of-State,1
SYN000377,FY25,Prior Responders,Out-of-State,1
SYN000378,FY25,Prior Responders,Out-of-State,1
SYN000379,FY25,Prior Responders,Out-of-State,1
SYN000380,FY25,Prior Responders,Out-of-State,1
SYN000381,FY25,Prior Responders,Out-of-State,1
SYN000382,FY25,Prior Responders,Out-of-State,1
SYN000383,FY25,Prior Responders,Out-of-State,1
SYN000384,FY25,Prior Responders,Out-of-State,0
SYN000385,FY25,Prior Responders,Out-of-State,1
SYN000386,FY25,Prior Responders,Out-of-State,1
SYN000387,FY25,Prior Responders,Out-of-State,1
SYN000388,FY25,Prior Responders,Out-of-State,1
SYN000389,FY25,Prior Responders,Out-of-State,1
SYN000390,FY25,Prior Responders,Out-of-State,1
SYN000391,FY25,Prior Responders,Out-of-State,0
SYN000392,FY25,Prior Responders,Out-of-State,1
SYN000393,FY25,Prior Responders,Out-of-State,1
SYN000394,FY25,Prior Responders,Out-of-State,1
SYN000395,FY25,Prior Responders,Out-of-State,1
SYN000396,FY25,Prior Responders,Out-of-State,0
SYN000397,FY25,Prior Responders,Out-of-State,1
SYN000398,FY25,Prior Responders,Out-of-State,1
SYN000399,FY25,Prior Responders,Out-of-State,1
SYN000400,FY25,Prior Responders,Out-of-State,1
SYN000401,FY25,New Customers,In-State,0
SYN000402,FY25,New Customers,In-State,1
SYN000403,FY25,New Customers,In-State,0
SYN000404,FY25,New Customers,In-State,1
SYN000405,FY25,New Customers,In-State,0
SYN000406,FY25,New Customers,In-State,1
SYN000407,FY25,New Customers,In-State,0
SYN000408,FY25,New Customers,In-State,0
SYN000409,FY25,New Customers,In-State,1
SYN000410,FY25,New Customers,In-State,0
SYN000411,FY25,New Customers,In-State,0
SYN000412,FY25,New Customers,In-State,1
SYN000413,FY25,New Customers,In-State,1
SYN000414,FY25,New Customers,In-State,0
SYN000415,FY25,New Customers,In-State,0
SYN000416,FY25,New Customers,In-State,0
SYN000417,FY25,New Customers,In-State,0
SYN000418,FY25,New Customers,In-State,0
SYN000419,FY25,New Customers,In-State,1
SYN000420,FY25,New Customers,In-State,1
SYN000421,FY25,New Customers,In-State,1
SYN000422,FY25,New Customers,In-State,1
SYN000423,FY25,New Customers,In-State,0
SYN000424,FY25,New Customers,In-State,0
SYN000425,FY25,New Customers,In-State,0
SYN000426,FY25,New Customers,In-State,0
SYN000427,FY25,New Customers,In-State,0
SYN000428,FY25,New Customers,In-State,1
SYN000429,FY25,New Customers,In-State,0
SYN000430,FY25,New Customers,In-State,0
SYN000431,FY25,New Customers,In-State,0
SYN000432,FY25,New Customers,In-State,1
SYN000433,FY25,New Customers,In-State,0
SYN000434,FY25,New Customers,In-State,0
SYN000435,FY25,New Customers,In-State,0
SYN000436,FY25,New Customers,In-State,1
SYN000437,FY25,New Customers,In-State,0
SYN000438,FY25,New Customers,In-State,1
SYN000439,FY25,New Customers,In-State,1
SYN000440,FY25,New Customers,In-State,0
SYN000441,FY25,New Customers,In-State,0
SYN000442,FY25,New Customers,In-State,1
SYN000443,FY25,New Customers,In-State,0
SYN000444,FY25,New Customers,In-State,0
SYN000445,FY25,New Customers,In-State,1
SYN000446,FY25,New Customers,In-State,1
SYN000447,FY25,New Customers,In-State,1
SYN000448,FY25,New Customers,In-State,1
SYN000449,FY25,New Customers,In-State,0
SYN000450,FY25,New Customers,In-State,0
SYN000451,FY25,New Customers,In-State,1
SYN000452,FY25,New Customers,In-State,0
SYN000453,FY25,New Customers,In-State,0
SYN000454,FY25,New Customers,In-State,1
SYN000455,FY25,New Customers,In-State,0
SYN000456,FY25,New Customers,In-State,0
SYN000457,FY25,New Customers,In-State,0
SYN000458,FY25,New Customers,In-State,0
SYN000459,FY25,New Customers,In-State,0
SYN000460,FY25,New Customers,In-State,0
SYN000461,FY25,New Customers,In-State,0
SYN000462,FY25,New Customers,In-State,0
SYN000463,FY25,New Customers,In-State,1
SYN000464,FY25,New Customers,In-State,0
SYN000465,FY25,New Customers,In-State,1
SYN000466,FY25,New Customers,In-State,0
SYN000467,FY25,New Customers,In-State,0
SYN000468,FY25,New Customers,In-State,1
SYN000469,FY25,New Customers,In-State,0
SYN000470,FY25,New Customers,In-State,1
SYN000471,FY25,New Customers,In-State,0
SYN000472,FY25,New Customers,In-State,1
SYN000473,FY25,New Customers,In-State,0
SYN000474,FY25,New Customers,In-State,1
SYN000475,FY25,New Customers,In-State,0
SYN000476,FY25,New Customers,In-State,1
SYN000477,FY25,New Customers,In-State,0
SYN000478,FY25,New Customers,In-State,0
SYN000479,FY25,New Customers,In-State,1
SYN000480,FY25,New Customers,In-State,0
SYN000481,FY25,New Customers,In-State,0
SYN000482,FY25,New Customers,In-State,1
SYN000483,FY25,New Customers,In-State,0
SYN000484,FY25,New Customers,In-State,0
SYN000485,FY25,New Customers,In-State,0
SYN000486,FY25,New Customers,In-State,1
SYN000487,FY25,New Customers,In-State,0
SYN000488,FY25,New Customers,In-State,0
SYN000489,FY25,New Customers,In-State,1
SYN000490,FY25,New Customers,In-State,1
SYN000491,FY25,New Customers,In-State,0
SYN000492,FY25,New Customers,In-State,0
SYN000493,FY25,New Customers,In-State,0
SYN000494,FY25,New Customers,In-State,0
SYN000495,FY25,New Customers,In-State,0
SYN000496,FY25,New Customers,In-State,0
SYN000497,FY25,New Customers,In-State,0
SYN000498,FY25,New Customers,In-State,0
SYN000499,FY25,New Customers,In-State,1
SYN000500,FY25,New Customers,In-State,1
SYN000501,FY25,New Customers,In-State,1
SYN000502,FY25,New Customers,In-State,0
SYN000503,FY25,New Customers,In-State,0
SYN000504,FY25,New Customers,In-State,1
SYN000505,FY25,New Customers,In-State,1
SYN000506,FY25,New Customers,In-State,0
SYN000507,FY25,New Customers,In-State,1
SYN000508,FY25,New Customers,In-State,1
SYN000509,FY25,New Customers,In-State,1
SYN000510,FY25,New Customers,In-State,1
SYN000511,FY25,New Customers,In-State,0
SYN000512,FY25,New Customers,In-State,0
SYN000513,FY25,New Customers,In-State,1
SYN000514,FY25,New Customers,In-State,1
SYN000515,FY25,New Customers,In-State,0
SYN000516,FY25,New Customers,In-State,0
SYN000517,FY25,New Customers,In-State,0
SYN000518,FY25,New Customers,In-State,1
SYN000519,FY25,New Customers,In-State,1
SYN000520,FY25,New Customers,In-State,0
SYN000521,FY25,New Customers,In-State,0
SYN000522,FY25,New Customers,In-State,0
SYN000523,FY25,New Customers,In-State,1
SYN000524,FY25,New Customers,In-State,1
SYN000525,FY25,New Customers,In-State,1
SYN000526,FY25,New Customers,In-State,0
SYN000527,FY25,New Customers,In-State,0
SYN000528,FY25,New Customers,In-State,0
SYN000529,FY25,New Customers,In-State,0
SYN000530,FY25,New Customers,In-State,1
SYN000531,FY25,New Customers,In-State,1
SYN000532,FY25,New Customers,In-State,1
SYN000533,FY25,New Customers,In-State,1
SYN000534,FY25,New Customers,In-State,0
SYN000535,FY25,New Customers,In-State,1
SYN000536,FY25,New Customers,In-State,1
SYN000537,FY25,New Customers,In-State,1
SYN000538,FY25,New Customers,In-State,0
SYN000539,FY25,New Customers,In-State,0
SYN000540,FY25,New Customers,In-State,0
SYN000541,FY25,New Customers,In-State,1
SYN000542,FY25,New Customers,In-State,0
SYN000543,FY25,New Customers,In-State,0
SYN000544,FY25,New Customers,In-State,1
SYN000545,FY25,New Customers,In-State,0
SYN000546,FY25,New Customers,In-State,0
SYN000547,FY25,New Customers,In-State,0
SYN000548,FY25,New Customers,In-State,1
SYN000549,FY25,New Customers,In-State,0
SYN000550,FY25,New Customers,In-State,1
SYN000551,FY25,New Customers,In-State,0
SYN000552,FY25,New Customers,In-State,1
SYN000553,FY25,New Customers,In-State,0
SYN000554,FY25,New Customers,In-State,0
SYN000555,FY25,New Customers,In-State,1
SYN000556,FY25,New Customers,In-State,0
SYN000557,FY25,New Customers,In-State,0
SYN000558,FY25,New Customers,In-State,0
SYN000559,FY25,New Customers,In-State,1
SYN000560,FY25,New Customers,In-State,0
SYN000561,FY25,New Customers,In-State,1
SYN000562,FY25,New Customers,In-State,0
SYN000563,FY25,New Customers,In-State,0
SYN000564,FY25,New Customers,In-State,0
SYN000565,FY25,New Customers,In-State,0
SYN000566,FY25,New Customers,In-State,0
SYN000567,FY25,New Customers,In-State,0
SYN000568,FY25,New Customers,In-State,0
SYN000569,FY25,New Customers,In-State,1
SYN000570,FY25,New Customers,In-State,0
SYN000571,FY25,New Customers,In-State,0
SYN000572,FY25,New Customers,In-State,1
SYN000573,FY25,New Customers,In-State,0
SYN000574,FY25,New Customers,In-State,0
SYN000575,FY25,New Customers,In-State,1
SYN000576,FY25,New Customers,In-State,1
SYN000577,FY25,New Customers,In-State,0
SYN000578,FY25,New Customers,In-State,1
SYN000579,FY25,New Customers,In-State,0
SYN000580,FY25,New Customers,In-State,0
SYN000581,FY25,New Customers,Out-of-State,1
SYN000582,FY25,New Customers,Out-of-State,0
SYN000583,FY25,New Customers,Out-of-State,1
SYN000584,FY25,New Customers,Out-of-State,1
SYN000585,FY25,New Customers,Out-of-State,0
SYN000586,FY25,New Customers,Out-of-State,1
SYN000587,FY25,New Customers,Out-of-State,1
SYN000588,FY25,New Customers,Out-of-State,1
SYN000589,FY25,New Customers,Out-of-State,1
SYN000590,FY25,New Customers,Out-of-State,1
SYN000591,FY25,New Customers,Out-of-State,1
SYN000592,FY25,New Customers,Out-of-State,0
SYN000593,FY25,New Customers,Out-of-State,1
SYN000594,FY25,New Customers,Out-of-State,1
SYN000595,FY25,New Customers,Out-of-State,0
SYN000596,FY25,New Customers,Out-of-State,1
SYN000597,FY25,New Customers,Out-of-State,0
SYN000598,FY25,New Customers,Out-of-State,1
SYN000599,FY25,New Customers,Out-of-State,1
SYN000600,FY25,New Customers,Out-of-State,1
SYN000601,FY26,Silent Customers,In-State,0
SYN000602,FY26,Silent Customers,In-State,0
SYN000603,FY26,Silent Customers,In-State,0
SYN000604,FY26,Silent Customers,In-State,0
SYN000605,FY26,Silent Customers,In-State,0
SYN000606,FY26,Silent Customers,In-State,0
SYN000607,FY26,Silent Customers,In-State,0
SYN000608,FY26,Silent Customers,In-State,0
SYN000609,FY26,Silent Customers,In-State,0
SYN000610,FY26,Silent Customers,In-State,0
SYN000611,FY26,Silent Customers,In-State,0
SYN000612,FY26,Silent Customers,In-State,1
SYN000613,FY26,Silent Customers,In-State,0
SYN000614,FY26,Silent Customers,In-State,0
SYN000615,FY26,Silent Customers,In-State,1
SYN000616,FY26,Silent Customers,In-State,1
SYN000617,FY26,Silent Customers,In-State,0
SYN000618,FY26,Silent Customers,In-State,0
SYN000619,FY26,Silent Customers,In-State,1
SYN000620,FY26,Silent Customers,In-State,0
SYN000621,FY26,Silent Customers,In-State,0
SYN000622,FY26,Silent Customers,In-State,0
SYN000623,FY26,Silent Customers,In-State,0
SYN000624,FY26,Silent Customers,In-State,0
SYN000625,FY26,Silent Customers,In-State,0
SYN000626,FY26,Silent Customers,In-State,0
SYN000627,FY26,Silent Customers,In-State,0
SYN000628,FY26,Silent Customers,In-State,0
SYN000629,FY26,Silent Customers,In-State,0
SYN000630,FY26,Silent Customers,In-State,0
SYN000631,FY26,Silent Customers,In-State,0
SYN000632,FY26,Silent Customers,In-State,1
SYN000633,FY26,Silent Customers,In-State,0
SYN000634,FY26,Silent Customers,In-State,0
SYN000635,FY26,Silent Customers,In-State,0
SYN000636,FY26,Silent Customers,In-State,0
SYN000637,FY26,Silent Customers,In-State,0
SYN000638,FY26,Silent Customers,In-State,0
SYN000639,FY26,Silent Customers,In-State,0
SYN000640,FY26,Silent Customers,In-State,0
SYN000641,FY26,Silent Customers,In-State,0
SYN000642,FY26,Silent Customers,In-State,0
SYN000643,FY26,Silent Customers,In-State,0
SYN000644,FY26,Silent Customers,In-State,0
SYN000645,FY26,Silent Customers,In-State,0
SYN000646,FY26,Silent Customers,In-State,1
SYN000647,FY26,Silent Customers,In-State,0
SYN000648,FY26,Silent Customers,In-State,0
SYN000649,FY26,Silent Customers,In-State,1
SYN000650,FY26,Silent Customers,In-State,0
SYN000651,FY26,Silent Customers,In-State,0
SYN000652,FY26,Silent Customers,In-State,0
SYN000653,FY26,Silent Customers,In-State,0
SYN000654,FY26,Silent Customers,In-State,0
SYN000655,FY26,Silent Customers,In-State,0
SYN000656,FY26,Silent Customers,In-State,0
SYN000657,FY26,Silent Customers,In-State,0
SYN000658,FY26,Silent Customers,In-State,0
SYN000659,FY26,Silent Customers,In-State,0
SYN000660,FY26,Silent Customers,In-State,0
SYN000661,FY26,Silent Customers,In-State,0
SYN000662,FY26,Silent Customers,In-State,1
SYN000663,FY26,Silent Customers,In-State,0
SYN000664,FY26,Silent Customers,In-State,0
SYN000665,FY26,Silent Customers,In-State,0
SYN000666,FY26,Silent Customers,In-State,0
SYN000667,FY26,Silent Customers,In-State,0
SYN000668,FY26,Silent Customers,In-State,0
SYN000669,FY26,Silent Customers,In-State,0
SYN000670,FY26,Silent Customers,In-State,0
SYN000671,FY26,Silent Customers,In-State,0
SYN000672,FY26,Silent Customers,In-State,1
SYN000673,FY26,Silent Customers,In-State,0
SYN000674,FY26,Silent Customers,In-State,0
SYN000675,FY26,Silent Customers,In-State,0
SYN000676,FY26,Silent Customers,In-State,1
SYN000677,FY26,Silent Customers,In-State,0
SYN000678,FY26,Silent Customers,In-State,0
SYN000679,FY26,Silent Customers,In-State,1
SYN000680,FY26,Silent Customers,In-State,1
SYN000681,FY26,Silent Customers,In-State,1
SYN000682,FY26,Silent Customers,In-State,0
SYN000683,FY26,Silent Customers,In-State,0
SYN000684,FY26,Silent Customers,In-State,0
SYN000685,FY26,Silent Customers,In-State,1
SYN000686,FY26,Silent Customers,In-State,0
SYN000687,FY26,Silent Customers,In-State,0
SYN000688,FY26,Silent Customers,In-State,0
SYN000689,FY26,Silent Customers,In-State,0
SYN000690,FY26,Silent Customers,In-State,0
SYN000691,FY26,Silent Customers,In-State,0
SYN000692,FY26,Silent Customers,In-State,0
SYN000693,FY26,Silent Customers,In-State,0
SYN000694,FY26,Silent Customers,In-State,0
SYN000695,FY26,Silent Customers,In-State,0
SYN000696,FY26,Silent Customers,In-State,0
SYN000697,FY26,Silent Customers,In-State,0
SYN000698,FY26,Silent Customers,In-State,0
SYN000699,FY26,Silent Customers,In-State,0
SYN000700,FY26,Silent Customers,In-State,0
SYN000701,FY26,Silent Customers,In-State,0
SYN000702,FY26,Silent Customers,In-State,0
SYN000703,FY26,Silent Customers,In-State,0
SYN000704,FY26,Silent Customers,In-State,0
SYN000705,FY26,Silent Customers,In-State,0
SYN000706,FY26,Silent Customers,In-State,1
SYN000707,FY26,Silent Customers,In-State,0
SYN000708,FY26,Silent Customers,In-State,1
SYN000709,FY26,Silent Customers,In-State,0
SYN000710,FY26,Silent Customers,In-State,0
SYN000711,FY26,Silent Customers,In-State,0
SYN000712,FY26,Silent Customers,In-State,0
SYN000713,FY26,Silent Customers,In-State,0
SYN000714,FY26,Silent Customers,In-State,0
SYN000715,FY26,Silent Customers,In-State,0
SYN000716,FY26,Silent Customers,In-State,1
SYN000717,FY26,Silent Customers,In-State,1
SYN000718,FY26,Silent Customers,In-State,1
SYN000719,FY26,Silent Customers,In-State,0
SYN000720,FY26,Silent Customers,In-State,0
SYN000721,FY26,Silent Customers,In-State,1
SYN000722,FY26,Silent Customers,In-State,0
SYN000723,FY26,Silent Customers,In-State,0
SYN000724,FY26,Silent Customers,In-State,0
SYN000725,FY26,Silent Customers,In-State,0
SYN000726,FY26,Silent Customers,In-State,1
SYN000727,FY26,Silent Customers,In-State,0
SYN000728,FY26,Silent Customers,In-State,1
SYN000729,FY26,Silent Customers,In-State,0
SYN000730,FY26,Silent Customers,In-State,0
SYN000731,FY26,Silent Customers,In-State,0
SYN000732,FY26,Silent Customers,In-State,1
SYN000733,FY26,Silent Customers,In-State,0
SYN000734,FY26,Silent Customers,In-State,0
SYN000735,FY26,Silent Customers,In-State,0
SYN000736,FY26,Silent Customers,In-State,1
SYN000737,FY26,Silent Customers,In-State,0
SYN000738,FY26,Silent Customers,In-State,1
SYN000739,FY26,Silent Customers,In-State,0
SYN000740,FY26,Silent Customers,In-State,0
SYN000741,FY26,Silent Customers,In-State,0
SYN000742,FY26,Silent Customers,In-State,0
SYN000743,FY26,Silent Customers,In-State,0
SYN000744,FY26,Silent Customers,In-State,0
SYN000745,FY26,Silent Customers,In-State,0
SYN000746,FY26,Silent Customers,In-State,1
SYN000747,FY26,Silent Customers,In-State,0
SYN000748,FY26,Silent Customers,In-State,0
SYN000749,FY26,Silent Customers,In-State,1
SYN000750,FY26,Silent Customers,In-State,0
SYN000751,FY26,Silent Customers,Out-of-State,0
SYN000752,FY26,Silent Customers,Out-of-State,1
SYN000753,FY26,Silent Customers,Out-of-State,0
SYN000754,FY26,Silent Customers,Out-of-State,0
SYN000755,FY26,Silent Customers,Out-of-State,0
SYN000756,FY26,Silent Customers,Out-of-State,0
SYN000757,FY26,Silent Customers,Out-of-State,0
SYN000758,FY26,Silent Customers,Out-of-State,0
SYN000759,FY26,Silent Customers,Out-of-State,0
SYN000760,FY26,Silent Customers,Out-of-State,0
SYN000761,FY26,Silent Customers,Out-of-State,0
SYN000762,FY26,Silent Customers,Out-of-State,0
SYN000763,FY26,Silent Customers,Out-of-State,0
SYN000764,FY26,Silent Customers,Out-of-State,0
SYN000765,FY26,Silent Customers,Out-of-State,0
SYN000766,FY26,Silent Customers,Out-of-State,0
SYN000767,FY26,Silent Customers,Out-of-State,0
SYN000768,FY26,Silent Customers,Out-of-State,0
SYN000769,FY26,Silent Customers,Out-of-State,0
SYN000770,FY26,Silent Customers,Out-of-State,0
SYN000771,FY26,Silent Customers,Out-of-State,0
SYN000772,FY26,Silent Customers,Out-of-State,0
SYN000773,FY26,Silent Customers,Out-of-State,0
SYN000774,FY26,Silent Customers,Out-of-State,0
SYN000775,FY26,Silent Customers,Out-of-State,0
SYN000776,FY26,Silent Customers,Out-of-State,0
SYN000777,FY26,Silent Customers,Out-of-State,0
SYN000778,FY26,Silent Customers,Out-of-State,0
SYN000779,FY26,Silent Customers,Out-of-State,0
SYN000780,FY26,Silent Customers,Out-of-State,0
SYN000781,FY26,Prior Responders,In-State,0
SYN000782,FY26,Prior Responders,In-State,1
SYN000783,FY26,Prior Responders,In-State,1
SYN000784,FY26,Prior Responders,In-State,1
SYN000785,FY26,Prior Responders,In-State,1
SYN000786,FY26,Prior Responders,In-State,0
SYN000787,FY26,Prior Responders,In-State,1
SYN000788,FY26,Prior Responders,In-State,1
SYN000789,FY26,Prior Responders,In-State,1
SYN000790,FY26,Prior Responders,In-State,0
SYN000791,FY26,Prior Responders,In-State,1
SYN000792,FY26,Prior Responders,In-State,1
SYN000793,FY26,Prior Responders,In-State,1
SYN000794,FY26,Prior Responders,In-State,1
SYN000795,FY26,Prior Responders,In-State,1
SYN000796,FY26,Prior Responders,In-State,0
SYN000797,FY26,Prior Responders,In-State,0
SYN000798,FY26,Prior Responders,In-State,1
SYN000799,FY26,Prior Responders,In-State,0
SYN000800,FY26,Prior Responders,In-State,0
SYN000801,FY26,Prior Responders,In-State,0
SYN000802,FY26,Prior Responders,In-State,1
SYN000803,FY26,Prior Responders,In-State,1
SYN000804,FY26,Prior Responders,In-State,1
SYN000805,FY26,Prior Responders,In-State,1
SYN000806,FY26,Prior Responders,In-State,0
SYN000807,FY26,Prior Responders,In-State,0
SYN000808,FY26,Prior Responders,In-State,0
SYN000809,FY26,Prior Responders,In-State,1
SYN000810,FY26,Prior Responders,In-State,1
SYN000811,FY26,Prior Responders,In-State,0
SYN000812,FY26,Prior Responders,In-State,0
SYN000813,FY26,Prior Responders,In-State,1
SYN000814,FY26,Prior Responders,In-State,0
SYN000815,FY26,Prior Responders,In-State,0
SYN000816,FY26,Prior Responders,In-State,1
SYN000817,FY26,Prior Responders,In-State,1
SYN000818,FY26,Prior Responders,In-State,1
SYN000819,FY26,Prior Responders,In-State,1
SYN000820,FY26,Prior Responders,In-State,1
SYN000821,FY26,Prior Responders,In-State,0
SYN000822,FY26,Prior Responders,In-State,1
SYN000823,FY26,Prior Responders,In-State,1
SYN000824,FY26,Prior Responders,In-State,1
SYN000825,FY26,Prior Responders,In-State,1
SYN000826,FY26,Prior Responders,In-State,0
SYN000827,FY26,Prior Responders,In-State,1
SYN000828,FY26,Prior Responders,In-State,1
SYN000829,FY26,Prior Responders,In-State,0
SYN000830,FY26,Prior Responders,In-State,1
SYN000831,FY26,Prior Responders,In-State,1
SYN000832,FY26,Prior Responders,In-State,1
SYN000833,FY26,Prior Responders,In-State,1
SYN000834,FY26,Prior Responders,In-State,1
SYN000835,FY26,Prior Responders,In-State,1
SYN000836,FY26,Prior Responders,In-State,1
SYN000837,FY26,Prior Responders,In-State,0
SYN000838,FY26,Prior Responders,In-State,1
SYN000839,FY26,Prior Responders,In-State,1
SYN000840,FY26,Prior Responders,In-State,1
SYN000841,FY26,Prior Responders,In-State,1
SYN000842,FY26,Prior Responders,In-State,1
SYN000843,FY26,Prior Responders,In-State,1
SYN000844,FY26,Prior Responders,In-State,0
SYN000845,FY26,Prior Responders,In-State,1
SYN000846,FY26,Prior Responders,In-State,1
SYN000847,FY26,Prior Responders,In-State,1
SYN000848,FY26,Prior Responders,In-State,0
SYN000849,FY26,Prior Responders,In-State,1
SYN000850,FY26,Prior Responders,In-State,1
SYN000851,FY26,Prior Responders,In-State,1
SYN000852,FY26,Prior Responders,In-State,0
SYN000853,FY26,Prior Responders,In-State,1
SYN000854,FY26,Prior Responders,In-State,0
SYN000855,FY26,Prior Responders,In-State,1
SYN000856,FY26,Prior Responders,In-State,1
SYN000857,FY26,Prior Responders,In-State,1
SYN000858,FY26,Prior Responders,In-State,1
SYN000859,FY26,Prior Responders,In-State,1
SYN000860,FY26,Prior Responders,In-State,1
SYN000861,FY26,Prior Responders,In-State,0
SYN000862,FY26,Prior Responders,In-State,1
SYN000863,FY26,Prior Responders,In-State,1
SYN000864,FY26,Prior Responders,In-State,1
SYN000865,FY26,Prior Responders,In-State,1
SYN000866,FY26,Prior Responders,In-State,1
SYN000867,FY26,Prior Responders,In-State,1
SYN000868,FY26,Prior Responders,In-State,1
SYN000869,FY26,Prior Responders,In-State,0
SYN000870,FY26,Prior Responders,In-State,0
SYN000871,FY26,Prior Responders,In-State,1
SYN000872,FY26,Prior Responders,In-State,1
SYN000873,FY26,Prior Responders,In-State,1
SYN000874,FY26,Prior Responders,In-State,1
SYN000875,FY26,Prior Responders,In-State,1
SYN000876,FY26,Prior Responders,In-State,1
SYN000877,FY26,Prior Responders,In-State,0
SYN000878,FY26,Prior Responders,In-State,1
SYN000879,FY26,Prior Responders,In-State,1
SYN000880,FY26,Prior Responders,In-State,1
SYN000881,FY26,Prior Responders,In-State,1
SYN000882,FY26,Prior Responders,In-State,1
SYN000883,FY26,Prior Responders,In-State,1
SYN000884,FY26,Prior Responders,In-State,1
SYN000885,FY26,Prior Responders,In-State,0
SYN000886,FY26,Prior Responders,In-State,1
SYN000887,FY26,Prior Responders,In-State,1
SYN000888,FY26,Prior Responders,In-State,1
SYN000889,FY26,Prior Responders,In-State,1
SYN000890,FY26,Prior Responders,In-State,1
SYN000891,FY26,Prior Responders,In-State,0
SYN000892,FY26,Prior Responders,In-State,0
SYN000893,FY26,Prior Responders,In-State,0
SYN000894,FY26,Prior Responders,In-State,1
SYN000895,FY26,Prior Responders,In-State,1
SYN000896,FY26,Prior Responders,In-State,1
SYN000897,FY26,Prior Responders,In-State,1
SYN000898,FY26,Prior Responders,In-State,0
SYN000899,FY26,Prior Responders,In-State,1
SYN000900,FY26,Prior Responders,In-State,1
SYN000901,FY26,Prior Responders,In-State,1
SYN000902,FY26,Prior Responders,In-State,1
SYN000903,FY26,Prior Responders,In-State,1
SYN000904,FY26,Prior Responders,In-State,1
SYN000905,FY26,Prior Responders,In-State,1
SYN000906,FY26,Prior Responders,In-State,0
SYN000907,FY26,Prior Responders,In-State,0
SYN000908,FY26,Prior Responders,In-State,1
SYN000909,FY26,Prior Responders,In-State,1
SYN000910,FY26,Prior Responders,In-State,1
SYN000911,FY26,Prior Responders,In-State,1
SYN000912,FY26,Prior Responders,In-State,1
SYN000913,FY26,Prior Responders,In-State,1
SYN000914,FY26,Prior Responders,In-State,1
SYN000915,FY26,Prior Responders,In-State,1
SYN000916,FY26,Prior Responders,In-State,1
SYN000917,FY26,Prior Responders,In-State,1
SYN000918,FY26,Prior Responders,In-State,0
SYN000919,FY26,Prior Responders,In-State,0
SYN000920,FY26,Prior Responders,In-State,1
SYN000921,FY26,Prior Responders,In-State,0
SYN000922,FY26,Prior Responders,In-State,1
SYN000923,FY26,Prior Responders,In-State,0
SYN000924,FY26,Prior Responders,In-State,0
SYN000925,FY26,Prior Responders,In-State,1
SYN000926,FY26,Prior Responders,In-State,1
SYN000927,FY26,Prior Responders,In-State,1
SYN000928,FY26,Prior Responders,In-State,1
SYN000929,FY26,Prior Responders,In-State,1
SYN000930,FY26,Prior Responders,In-State,1
SYN000931,FY26,Prior Responders,In-State,1
SYN000932,FY26,Prior Responders,In-State,0
SYN000933,FY26,Prior Responders,In-State,0
SYN000934,FY26,Prior Responders,In-State,1
SYN000935,FY26,Prior Responders,In-State,1
SYN000936,FY26,Prior Responders,In-State,1
SYN000937,FY26,Prior Responders,In-State,1
SYN000938,FY26,Prior Responders,In-State,0
SYN000939,FY26,Prior Responders,In-State,1
SYN000940,FY26,Prior Responders,In-State,1
SYN000941,FY26,Prior Responders,In-State,1
SYN000942,FY26,Prior Responders,In-State,1
SYN000943,FY26,Prior Responders,In-State,1
SYN000944,FY26,Prior Responders,In-State,0
SYN000945,FY26,Prior Responders,In-State,1
SYN000946,FY26,Prior Responders,In-State,1
SYN000947,FY26,Prior Responders,In-State,1
SYN000948,FY26,Prior Responders,In-State,0
SYN000949,FY26,Prior Responders,In-State,0
SYN000950,FY26,Prior Responders,In-State,1
SYN000951,FY26,Prior Responders,In-State,1
SYN000952,FY26,Prior Responders,In-State,1
SYN000953,FY26,Prior Responders,In-State,1
SYN000954,FY26,Prior Responders,In-State,0
SYN000955,FY26,Prior Responders,In-State,1
SYN000956,FY26,Prior Responders,In-State,1
SYN000957,FY26,Prior Responders,In-State,1
SYN000958,FY26,Prior Responders,In-State,1
SYN000959,FY26,Prior Responders,In-State,1
SYN000960,FY26,Prior Responders,In-State,0
SYN000961,FY26,Prior Responders,In-State,1
SYN000962,FY26,Prior Responders,In-State,1
SYN000963,FY26,Prior Responders,In-State,1
SYN000964,FY26,Prior Responders,In-State,1
SYN000965,FY26,Prior Responders,In-State,1
SYN000966,FY26,Prior Responders,In-State,1
SYN000967,FY26,Prior Responders,In-State,0
SYN000968,FY26,Prior Responders,In-State,1
SYN000969,FY26,Prior Responders,In-State,1
SYN000970,FY26,Prior Responders,In-State,1
SYN000971,FY26,Prior Responders,In-State,1
SYN000972,FY26,Prior Responders,In-State,0
SYN000973,FY26,Prior Responders,In-State,0
SYN000974,FY26,Prior Responders,In-State,1
SYN000975,FY26,Prior Responders,In-State,1
SYN000976,FY26,Prior Responders,In-State,1
SYN000977,FY26,Prior Responders,In-State,1
SYN000978,FY26,Prior Responders,In-State,1
SYN000979,FY26,Prior Responders,In-State,1
SYN000980,FY26,Prior Responders,In-State,1
SYN000981,FY26,Prior Responders,Out-of-State,1
SYN000982,FY26,Prior Responders,Out-of-State,1
SYN000983,FY26,Prior Responders,Out-of-State,1
SYN000984,FY26,Prior Responders,Out-of-State,1
SYN000985,FY26,Prior Responders,Out-of-State,1
SYN000986,FY26,Prior Responders,Out-of-State,1
SYN000987,FY26,Prior Responders,Out-of-State,1
SYN000988,FY26,Prior Responders,Out-of-State,1
SYN000989,FY26,Prior Responders,Out-of-State,1
SYN000990,FY26,Prior Responders,Out-of-State,0
SYN000991,FY26,Prior Responders,Out-of-State,1
SYN000992,FY26,Prior Responders,Out-of-State,1
SYN000993,FY26,Prior Responders,Out-of-State,1
SYN000994,FY26,Prior Responders,Out-of-State,1
SYN000995,FY26,Prior Responders,Out-of-State,1
SYN000996,FY26,Prior Responders,Out-of-State,1
SYN000997,FY26,Prior Responders,Out-of-State,0
SYN000998,FY26,Prior Responders,Out-of-State,1
SYN000999,FY26,Prior Responders,Out-of-State,0
SYN001000,FY26,Prior Responders,Out-of-State,1
SYN001001,FY26,Prior Responders,Out-of-State,1
SYN001002,FY26,Prior Responders,Out-of-State,1
SYN001003,FY26,Prior Responders,Out-of-State,0
SYN001004,FY26,Prior Responders,Out-of-State,1
SYN001005,FY26,Prior Responders,Out-of-State,1
SYN001006,FY26,Prior Responders,Out-of-State,1
SYN001007,FY26,Prior Responders,Out-of-State,1
SYN001008,FY26,Prior Responders,Out-of-State,0
SYN001009,FY26,Prior Responders,Out-of-State,1
SYN001010,FY26,Prior Responders,Out-of-State,1
SYN001011,FY26,Prior Responders,Out-of-State,1
SYN001012,FY26,Prior Responders,Out-of-State,0
SYN001013,FY26,Prior Responders,Out-of-State,0
SYN001014,FY26,Prior Responders,Out-of-State,1
SYN001015,FY26,Prior Responders,Out-of-State,1
SYN001016,FY26,Prior Responders,Out-of-State,0
SYN001017,FY26,Prior Responders,Out-of-State,1
SYN001018,FY26,Prior Responders,Out-of-State,1
SYN001019,FY26,Prior Responders,Out-of-State,0
SYN001020,FY26,Prior Responders,Out-of-State,1
SYN001021,FY26,Prior Responders,Out-of-State,1
SYN001022,FY26,Prior Responders,Out-of-State,1
SYN001023,FY26,Prior Responders,Out-of-State,0
SYN001024,FY26,Prior Responders,Out-of-State,0
SYN001025,FY26,Prior Responders,Out-of-State,0
SYN001026,FY26,Prior Responders,Out-of-State,1
SYN001027,FY26,Prior Responders,Out-of-State,0
SYN001028,FY26,Prior Responders,Out-of-State,0
SYN001029,FY26,Prior Responders,Out-of-State,1
SYN001030,FY26,Prior Responders,Out-of-State,0
SYN001031,FY26,New Customers,In-State,0
SYN001032,FY26,New Customers,In-State,0
SYN001033,FY26,New Customers,In-State,0
SYN001034,FY26,New Customers,In-State,0
SYN001035,FY26,New Customers,In-State,0
SYN001036,FY26,New Customers,In-State,0
SYN001037,FY26,New Customers,In-State,0
SYN001038,FY26,New Customers,In-State,1
SYN001039,FY26,New Customers,In-State,0
SYN001040,FY26,New Customers,In-State,0
SYN001041,FY26,New Customers,In-State,0
SYN001042,FY26,New Customers,In-State,1
SYN001043,FY26,New Customers,In-State,0
SYN001044,FY26,New Customers,In-State,0
SYN001045,FY26,New Customers,In-State,1
SYN001046,FY26,New Customers,In-State,0
SYN001047,FY26,New Customers,In-State,0
SYN001048,FY26,New Customers,In-State,0
SYN001049,FY26,New Customers,In-State,1
SYN001050,FY26,New Customers,In-State,0
SYN001051,FY26,New Customers,In-State,1
SYN001052,FY26,New Customers,In-State,0
SYN001053,FY26,New Customers,In-State,1
SYN001054,FY26,New Customers,In-State,1
SYN001055,FY26,New Customers,In-State,1
SYN001056,FY26,New Customers,In-State,0
SYN001057,FY26,New Customers,In-State,1
SYN001058,FY26,New Customers,In-State,0
SYN001059,FY26,New Customers,In-State,0
SYN001060,FY26,New Customers,In-State,0
SYN001061,FY26,New Customers,In-State,1
SYN001062,FY26,New Customers,In-State,1
SYN001063,FY26,New Customers,In-State,1
SYN001064,FY26,New Customers,In-State,0
SYN001065,FY26,New Customers,In-State,0
SYN001066,FY26,New Customers,In-State,1
SYN001067,FY26,New Customers,In-State,0
SYN001068,FY26,New Customers,In-State,0
SYN001069,FY26,New Customers,In-State,0
SYN001070,FY26,New Customers,In-State,0
SYN001071,FY26,New Customers,In-State,0
SYN001072,FY26,New Customers,In-State,0
SYN001073,FY26,New Customers,In-State,0
SYN001074,FY26,New Customers,In-State,0
SYN001075,FY26,New Customers,In-State,1
SYN001076,FY26,New Customers,In-State,0
SYN001077,FY26,New Customers,In-State,0
SYN001078,FY26,New Customers,In-State,0
SYN001079,FY26,New Customers,In-State,0
SYN001080,FY26,New Customers,In-State,1
SYN001081,FY26,New Customers,In-State,1
SYN001082,FY26,New Customers,In-State,0
SYN001083,FY26,New Customers,In-State,0
SYN001084,FY26,New Customers,In-State,1
SYN001085,FY26,New Customers,In-State,1
SYN001086,FY26,New Customers,In-State,0
SYN001087,FY26,New Customers,In-State,0
SYN001088,FY26,New Customers,In-State,0
SYN001089,FY26,New Customers,In-State,1
SYN001090,FY26,New Customers,In-State,0
SYN001091,FY26,New Customers,In-State,1
SYN001092,FY26,New Customers,In-State,0
SYN001093,FY26,New Customers,In-State,0
SYN001094,FY26,New Customers,In-State,0
SYN001095,FY26,New Customers,In-State,0
SYN001096,FY26,New Customers,In-State,0
SYN001097,FY26,New Customers,In-State,0
SYN001098,FY26,New Customers,In-State,0
SYN001099,FY26,New Customers,In-State,1
SYN001100,FY26,New Customers,In-State,0
SYN001101,FY26,New Customers,In-State,0
SYN001102,FY26,New Customers,In-State,1
SYN001103,FY26,New Customers,In-State,1
SYN001104,FY26,New Customers,In-State,1
SYN001105,FY26,New Customers,In-State,1
SYN001106,FY26,New Customers,In-State,0
SYN001107,FY26,New Customers,In-State,0
SYN001108,FY26,New Customers,In-State,1
SYN001109,FY26,New Customers,In-State,0
SYN001110,FY26,New Customers,In-State,0
SYN001111,FY26,New Customers,In-State,1
SYN001112,FY26,New Customers,In-State,0
SYN001113,FY26,New Customers,In-State,0
SYN001114,FY26,New Customers,In-State,0
SYN001115,FY26,New Customers,In-State,0
SYN001116,FY26,New Customers,In-State,0
SYN001117,FY26,New Customers,In-State,0
SYN001118,FY26,New Customers,In-State,1
SYN001119,FY26,New Customers,In-State,0
SYN001120,FY26,New Customers,In-State,0
SYN001121,FY26,New Customers,In-State,1
SYN001122,FY26,New Customers,In-State,1
SYN001123,FY26,New Customers,In-State,1
SYN001124,FY26,New Customers,In-State,1
SYN001125,FY26,New Customers,In-State,0
SYN001126,FY26,New Customers,In-State,0
SYN001127,FY26,New Customers,In-State,0
SYN001128,FY26,New Customers,In-State,0
SYN001129,FY26,New Customers,In-State,0
SYN001130,FY26,New Customers,In-State,0
SYN001131,FY26,New Customers,In-State,1
SYN001132,FY26,New Customers,In-State,0
SYN001133,FY26,New Customers,In-State,0
SYN001134,FY26,New Customers,In-State,0
SYN001135,FY26,New Customers,In-State,0
SYN001136,FY26,New Customers,In-State,0
SYN001137,FY26,New Customers,In-State,1
SYN001138,FY26,New Customers,In-State,0
SYN001139,FY26,New Customers,In-State,0
SYN001140,FY26,New Customers,In-State,0
SYN001141,FY26,New Customers,In-State,1
SYN001142,FY26,New Customers,In-State,0
SYN001143,FY26,New Customers,In-State,0
SYN001144,FY26,New Customers,In-State,0
SYN001145,FY26,New Customers,In-State,0
SYN001146,FY26,New Customers,In-State,1
SYN001147,FY26,New Customers,In-State,1
SYN001148,FY26,New Customers,In-State,0
SYN001149,FY26,New Customers,In-State,1
SYN001150,FY26,New Customers,In-State,1
SYN001151,FY26,New Customers,In-State,1
SYN001152,FY26,New Customers,In-State,1
SYN001153,FY26,New Customers,In-State,0
SYN001154,FY26,New Customers,In-State,0
SYN001155,FY26,New Customers,In-State,0
SYN001156,FY26,New Customers,In-State,1
SYN001157,FY26,New Customers,In-State,0
SYN001158,FY26,New Customers,In-State,1
SYN001159,FY26,New Customers,In-State,1
SYN001160,FY26,New Customers,In-State,0
SYN001161,FY26,New Customers,In-State,1
SYN001162,FY26,New Customers,In-State,0
SYN001163,FY26,New Customers,In-State,0
SYN001164,FY26,New Customers,In-State,1
SYN001165,FY26,New Customers,In-State,0
SYN001166,FY26,New Customers,In-State,1
SYN001167,FY26,New Customers,In-State,1
SYN001168,FY26,New Customers,In-State,0
SYN001169,FY26,New Customers,In-State,0
SYN001170,FY26,New Customers,In-State,0
SYN001171,FY26,New Customers,Out-of-State,1
SYN001172,FY26,New Customers,Out-of-State,0
SYN001173,FY26,New Customers,Out-of-State,1
SYN001174,FY26,New Customers,Out-of-State,1
SYN001175,FY26,New Customers,Out-of-State,1
SYN001176,FY26,New Customers,Out-of-State,1
SYN001177,FY26,New Customers,Out-of-State,0
SYN001178,FY26,New Customers,Out-of-State,1
SYN001179,FY26,New Customers,Out-of-State,0
SYN001180,FY26,New Customers,Out-of-State,1
SYN001181,FY26,New Customers,Out-of-State,0
SYN001182,FY26,New Customers,Out-of-State,1
SYN001183,FY26,New Customers,Out-of-State,1
SYN001184,FY26,New Customers,Out-of-State,0
SYN001185,FY26,New Customers,Out-of-State,1
SYN001186,FY26,New Customers,Out-of-State,0
SYN001187,FY26,New Customers,Out-of-State,1
SYN001188,FY26,New Customers,Out-of-State,1
SYN001189,FY26,New Customers,Out-of-State,1
SYN001190,FY26,New Customers,Out-of-State,1
SYN001191,FY26,New Customers,Out-of-State,1
SYN001192,FY26,New Customers,Out-of-State,1
SYN001193,FY26,New Customers,Out-of-State,1
SYN001194,FY26,New Customers,Out-of-State,1
SYN001195,FY26,New Customers,Out-of-State,1
SYN001196,FY26,New Customers,Out-of-State,0
SYN001197,FY26,New Customers,Out-of-State,0
SYN001198,FY26,New Customers,Out-of-State,0
SYN001199,FY26,New Customers,Out-of-State,0
SYN001200,FY26,New Customers,Out-of-State,1
